CREATE TABLE LOCATIONS (
    LOCATION_ID INT  PRIMARY KEY,
	DETAILS VARCHAR (25) DEFAULT NULL,
	CITY VARCHAR (30) NOT NULL,
	POSTAL_CODE VARCHAR (12) DEFAULT NULL
);
INSERT INTO LOCATIONS(LOCATION_ID,DETAILS,CITY,POSTAL_CODE) VALUES (1400,'2014 Jabberwocky Rd','Dhaka','1250');
INSERT INTO LOCATIONS(LOCATION_ID,DETAILS,CITY,POSTAL_CODE) VALUES (1500,'2011 Interiors Blvd','Chittagong','1250');
INSERT INTO LOCATIONS(LOCATION_ID,DETAILS,CITY,POSTAL_CODE) VALUES (1600,'2004 Charade Rd','Rajshahi','1250');
INSERT INTO LOCATIONS(LOCATION_ID,DETAILS,CITY,POSTAL_CODE) VALUES (1700,'147 Spadina Ave','Khulna','1250');
INSERT INTO LOCATIONS(LOCATION_ID,DETAILS,CITY,POSTAL_CODE) VALUES (1800,'8204 Arthur St','Sylhet','1250');
INSERT INTO LOCATIONS(LOCATION_ID,DETAILS,CITY,POSTAL_CODE) VALUES (1900,'Magdalen Centre','Mymensingh','1250');
INSERT INTO LOCATIONS(LOCATION_ID,DETAILS,CITY,POSTAL_CODE) VALUES (2000,'Schwanthalerstr. 7031','Barisal','1250');
INSERT INTO LOCATIONS(LOCATION_ID,DETAILS,CITY,POSTAL_CODE) VALUES (2100,'2014 Jabberwocky Rd','Rangpur','1250');
INSERT INTO LOCATIONS(LOCATION_ID,DETAILS,CITY,POSTAL_CODE) VALUES (2200,'2014 Jabberwocky Rd','Comilla','1250');
INSERT INTO LOCATIONS(LOCATION_ID,DETAILS,CITY,POSTAL_CODE) VALUES (2300,'2014 Jabberwocky Rd','Narayanganj','1250');
INSERT INTO LOCATIONS(LOCATION_ID,DETAILS,CITY,POSTAL_CODE) VALUES (2400,'2014 Jabberwocky Rd','Gazipur','1250');

CREATE TABLE STORE (
	STORE_ID INT PRIMARY KEY,
	STORE_NAME VARCHAR (30) NOT NULL,
	LOCATION_ID INT DEFAULT NULL,
	FOREIGN KEY (LOCATION_ID) REFERENCES LOCATIONS (LOCATION_ID) 
);
INSERT INTO STORE(STORE_ID,STORE_NAME,LOCATION_ID) VALUES (1,'Digital Emporium',1400);
INSERT INTO STORE(STORE_ID,STORE_NAME,LOCATION_ID) VALUES (2,'Dollar Deals Online',1400);
INSERT INTO STORE(STORE_ID,STORE_NAME,LOCATION_ID) VALUES (3,'We Care Online Store',1400);
INSERT INTO STORE(STORE_ID,STORE_NAME,LOCATION_ID) VALUES (4,'Shopping Reimagined',1400);
INSERT INTO STORE(STORE_ID,STORE_NAME,LOCATION_ID) VALUES (5,'Ride Online Shop',1400);
INSERT INTO STORE(STORE_ID,STORE_NAME,LOCATION_ID) VALUES (6,'Mainland Store Online',1400);
INSERT INTO STORE(STORE_ID,STORE_NAME,LOCATION_ID) VALUES (7,'Daily Shop Online',1500);
INSERT INTO STORE(STORE_ID,STORE_NAME,LOCATION_ID) VALUES (8,'Online Boutique',1500);
INSERT INTO STORE(STORE_ID,STORE_NAME,LOCATION_ID) VALUES (9,'A-Z Store',1500);
INSERT INTO STORE(STORE_ID,STORE_NAME,LOCATION_ID) VALUES (10,'Fast Store Online',1500);
INSERT INTO STORE(STORE_ID,STORE_NAME,LOCATION_ID) VALUES (11,'Deluxe Online',1500);
INSERT INTO STORE(STORE_ID,STORE_NAME,LOCATION_ID) VALUES (12,'Click The Mall',1500);
INSERT INTO STORE(STORE_ID,STORE_NAME,LOCATION_ID) VALUES (13,'Galaxy Store',1600);
INSERT INTO STORE(STORE_ID,STORE_NAME,LOCATION_ID) VALUES (14,'E-Store',1600);
INSERT INTO STORE(STORE_ID,STORE_NAME,LOCATION_ID) VALUES (15,'One-Two-Shop',1600);
INSERT INTO STORE(STORE_ID,STORE_NAME,LOCATION_ID) VALUES (16,'Viva Store',1700);
INSERT INTO STORE(STORE_ID,STORE_NAME,LOCATION_ID) VALUES (17,'Prima Market',1800);
INSERT INTO STORE(STORE_ID,STORE_NAME,LOCATION_ID) VALUES (18,'One Click Shopping',1800);
INSERT INTO STORE(STORE_ID,STORE_NAME,LOCATION_ID) VALUES (19,'Giant E-Store',1900);
INSERT INTO STORE(STORE_ID,STORE_NAME,LOCATION_ID) VALUES (20,'New Wave Shop Online',2000);
INSERT INTO STORE(STORE_ID,STORE_NAME,LOCATION_ID) VALUES (21,'Babes Online Store',2000);
INSERT INTO STORE(STORE_ID,STORE_NAME,LOCATION_ID) VALUES (22,'E-Royal Mart',2000);
INSERT INTO STORE(STORE_ID,STORE_NAME,LOCATION_ID) VALUES (23,'E-Trader',2100);
INSERT INTO STORE(STORE_ID,STORE_NAME,LOCATION_ID) VALUES (24,'The Values Store',2200);
INSERT INTO STORE(STORE_ID,STORE_NAME,LOCATION_ID) VALUES (25,'Shopinist',2200);
INSERT INTO STORE(STORE_ID,STORE_NAME,LOCATION_ID) VALUES (26,'Digital Emporium',2300);



CREATE TABLE SELLER (
	SELLER_ID INT PRIMARY KEY,
	SELLER_NAME VARCHAR (20) DEFAULT NULL,
	AGE INT ,
	PHONE_NUMBER VARCHAR (20) DEFAULT NULL,
	PAYMENT_PER_YEAR DECIMAL (8, 2) NOT NULL,
	STORE_ID INT DEFAULT NULL,
	FOREIGN KEY (STORE_ID) REFERENCES STORE(STORE_ID),
);
  

INSERT INTO SELLER(SELLER_ID,SELLER_NAME,AGE,PHONE_NUMBER,PAYMENT_PER_YEAR,STORE_ID) VALUES (100,'Steven',18,'5151234567',24000.00,9);
INSERT INTO SELLER(SELLER_ID,SELLER_NAME,AGE,PHONE_NUMBER,PAYMENT_PER_YEAR,STORE_ID) VALUES (101,'Neena',19,'515.1234568',17000.00,9);
INSERT INTO SELLER(SELLER_ID,SELLER_NAME,AGE,PHONE_NUMBER,PAYMENT_PER_YEAR,STORE_ID) VALUES (102,'Lex',20,'5151234569',17000.00,9);
INSERT INTO SELLER(SELLER_ID,SELLER_NAME,AGE,PHONE_NUMBER,PAYMENT_PER_YEAR,STORE_ID) VALUES (103,'Alexander',21,'5904234567',9000.00,6);
INSERT INTO SELLER(SELLER_ID,SELLER_NAME,AGE,PHONE_NUMBER,PAYMENT_PER_YEAR,STORE_ID) VALUES (104,'Bruce',22,'5904234568',6000.00,6);
INSERT INTO SELLER(SELLER_ID,SELLER_NAME,AGE,PHONE_NUMBER,PAYMENT_PER_YEAR,STORE_ID) VALUES (105,'David',23,'5904234569',4800.00,6);
INSERT INTO SELLER(SELLER_ID,SELLER_NAME,AGE,PHONE_NUMBER,PAYMENT_PER_YEAR,STORE_ID) VALUES (106,'Valli',24,'5904234560',4800.00,6);
INSERT INTO SELLER(SELLER_ID,SELLER_NAME,AGE,PHONE_NUMBER,PAYMENT_PER_YEAR,STORE_ID) VALUES (107,'Diana',25,'5904235567',4200.00,10);
INSERT INTO SELLER(SELLER_ID,SELLER_NAME,AGE,PHONE_NUMBER,PAYMENT_PER_YEAR,STORE_ID) VALUES (108,'Nancy',26,'5151244569',12000.00,10);
INSERT INTO SELLER(SELLER_ID,SELLER_NAME,AGE,PHONE_NUMBER,PAYMENT_PER_YEAR,STORE_ID) VALUES (109,'Daniel',27,'5151244569',6900000,10);
INSERT INTO SELLER(SELLER_ID,SELLER_NAME,AGE,PHONE_NUMBER,PAYMENT_PER_YEAR,STORE_ID) VALUES (110,'John',28,'5151244269',8200.00,10);
INSERT INTO SELLER(SELLER_ID,SELLER_NAME,AGE,PHONE_NUMBER,PAYMENT_PER_YEAR,STORE_ID) VALUES (111,'Ismael',29,'5151244369',7700.00,7);
INSERT INTO SELLER(SELLER_ID,SELLER_NAME,AGE,PHONE_NUMBER,PAYMENT_PER_YEAR,STORE_ID) VALUES (112,'Jose Manuel',30,'5151244469',7800.00,7);
INSERT INTO SELLER(SELLER_ID,SELLER_NAME,AGE,PHONE_NUMBER,PAYMENT_PER_YEAR,STORE_ID) VALUES (113,'Luis',31,'5151244567',6900.00,7);
INSERT INTO SELLER(SELLER_ID,SELLER_NAME,AGE,PHONE_NUMBER,PAYMENT_PER_YEAR,STORE_ID) VALUES (114,'Den',32,'5151274561',11000.00,3);
INSERT INTO SELLER(SELLER_ID,SELLER_NAME,AGE,PHONE_NUMBER,PAYMENT_PER_YEAR,STORE_ID) VALUES (115,'Alexander',33,'5151274562',3100.00,14);
INSERT INTO SELLER(SELLER_ID,SELLER_NAME,AGE,PHONE_NUMBER,PAYMENT_PER_YEAR,STORE_ID) VALUES (116,'Shelli',34,'5151274563',2900.00,14);
INSERT INTO SELLER(SELLER_ID,SELLER_NAME,AGE,PHONE_NUMBER,PAYMENT_PER_YEAR,STORE_ID) VALUES (117,'Sigal',35,'5151274564',2800.00,14);
INSERT INTO SELLER(SELLER_ID,SELLER_NAME,AGE,PHONE_NUMBER,PAYMENT_PER_YEAR,STORE_ID) VALUES (118,'Guy',36,'5151274565',2600.00,13);
INSERT INTO SELLER(SELLER_ID,SELLER_NAME,AGE,PHONE_NUMBER,PAYMENT_PER_YEAR,STORE_ID) VALUES (119,'Karen',37,'5151274566',2500.00,14);
INSERT INTO SELLER(SELLER_ID,SELLER_NAME,AGE,PHONE_NUMBER,PAYMENT_PER_YEAR,STORE_ID) VALUES (120,'Matthew',38,'6501231234',8000.00,5);
INSERT INTO SELLER(SELLER_ID,SELLER_NAME,AGE,PHONE_NUMBER,PAYMENT_PER_YEAR,STORE_ID) VALUES (121,'Adam',39,'6501232234',8200.00,5);
INSERT INTO SELLER(SELLER_ID,SELLER_NAME,AGE,PHONE_NUMBER,PAYMENT_PER_YEAR,STORE_ID) VALUES (122,'Payam',40,'6501233234',7900.00,5);
INSERT INTO SELLER(SELLER_ID,SELLER_NAME,AGE,PHONE_NUMBER,PAYMENT_PER_YEAR,STORE_ID) VALUES (123,'Shanta',41,'6501234234',6500.00,5);
INSERT INTO SELLER(SELLER_ID,SELLER_NAME,AGE,PHONE_NUMBER,PAYMENT_PER_YEAR,STORE_ID) VALUES (126,'Irene',42,'6501241224',2700.00,12);
INSERT INTO SELLER(SELLER_ID,SELLER_NAME,AGE,PHONE_NUMBER,PAYMENT_PER_YEAR,STORE_ID) VALUES (145,'John',45,NULL,14000.00,12);
INSERT INTO SELLER(SELLER_ID,SELLER_NAME,AGE,PHONE_NUMBER,PAYMENT_PER_YEAR,STORE_ID) VALUES (146,'Karen',39,NULL,13500.00,10);
INSERT INTO SELLER(SELLER_ID,SELLER_NAME,AGE,PHONE_NUMBER,PAYMENT_PER_YEAR,STORE_ID) VALUES (176,'Jonathon',22,NULL,8600.00,8);
INSERT INTO SELLER(SELLER_ID,SELLER_NAME,AGE,PHONE_NUMBER,PAYMENT_PER_YEAR,STORE_ID) VALUES (177,'Jack',51,NULL,8400.00,8);
INSERT INTO SELLER(SELLER_ID,SELLER_NAME,AGE,PHONE_NUMBER,PAYMENT_PER_YEAR,STORE_ID) VALUES (178,'Kimberely',25,NULL,7000.00,8);
INSERT INTO SELLER(SELLER_ID,SELLER_NAME,AGE,PHONE_NUMBER,PAYMENT_PER_YEAR,STORE_ID) VALUES (179,'Charles',33,NULL,6200.00,10);
INSERT INTO SELLER(SELLER_ID,SELLER_NAME,AGE,PHONE_NUMBER,PAYMENT_PER_YEAR,STORE_ID) VALUES (192,'Sarah',56,'6505011876',4000.00,23);
INSERT INTO SELLER(SELLER_ID,SELLER_NAME,AGE,PHONE_NUMBER,PAYMENT_PER_YEAR,STORE_ID) VALUES (193,'Britney',86,'6505012876',3900.00,23);
INSERT INTO SELLER(SELLER_ID,SELLER_NAME,AGE,PHONE_NUMBER,PAYMENT_PER_YEAR,STORE_ID) VALUES (200,'Jennifer',65,'5151234444',4400.00,11);
INSERT INTO SELLER(SELLER_ID,SELLER_NAME,AGE,PHONE_NUMBER,PAYMENT_PER_YEAR,STORE_ID) VALUES (201,'Michael',39,'5151235555',13000.00,12);
INSERT INTO SELLER(SELLER_ID,SELLER_NAME,AGE,PHONE_NUMBER,PAYMENT_PER_YEAR,STORE_ID) VALUES (202,'Pat',44,'6031236666',6000.00,2);
INSERT INTO SELLER(SELLER_ID,SELLER_NAME,AGE,PHONE_NUMBER,PAYMENT_PER_YEAR,STORE_ID) VALUES (203,'Susan',16,'5151237777',6500.00,4);
INSERT INTO SELLER(SELLER_ID,SELLER_NAME,AGE,PHONE_NUMBER,PAYMENT_PER_YEAR,STORE_ID) VALUES (204,'Hermann',19,'5151238888',10000.00,7);
INSERT INTO SELLER(SELLER_ID,SELLER_NAME,AGE,PHONE_NUMBER,PAYMENT_PER_YEAR,STORE_ID) VALUES (205,'Shelley',21,'5151238080',12000.00,11);
INSERT INTO SELLER(SELLER_ID,SELLER_NAME,AGE,PHONE_NUMBER,PAYMENT_PER_YEAR,STORE_ID) VALUES (206,'William',22,'5151238181',8300.00,11);

